05/01/2022,CFO,CO,ANM,WE,Federal Contract Tower,0,0,8,0,8,0,0,38,0,38,0,0,46,0,46,38,0,38,84
05/02/2022,CFO,CO,ANM,WE,Federal Contract Tower,0,0,2,0,2,0,0,4,0,4,0,0,6,0,6,0,0,0,6
05/03/2022,CFO,CO,ANM,WE,Federal Contract Tower,0,0,13,0,13,0,0,142,0,142,0,0,155,0,155,270,0,270,425
05/04/2022,CFO,CO,ANM,WE,Federal Contract Tower,0,0,21,0,21,0,0,2,0,2,0,0,23,0,23,0,0,0,23
05/05/2022,CFO,CO,ANM,WE,Federal Contract Tower,0,0,11,0,11,0,0,168,0,168,0,0,179,0,179,276,0,276,455
05/06/2022,CFO,CO,ANM,WE,Federal Contract Tower,0,0,5,0,5,0,0,170,0,170,0,0,175,0,175,407,0,407,582
05/07/2022,CFO,CO,ANM,WE,Federal Contract Tower,0,0,5,0,5,0,0,52,0,52,0,0,57,0,57,50,0,50,107
05/08/2022,CFO,CO,ANM,WE,Federal Contract Tower,0,0,2,0,2,0,0,52,0,52,0,0,54,0,54,84,0,84,138
05/09/2022,CFO,CO,ANM,WE,Federal Contract Tower,0,0,3,0,3,0,0,65,0,65,0,0,68,0,68,122,0,122,190
05/10/2022,CFO,CO,ANM,WE,Federal Contract Tower,0,0,4,0,4,0,0,110,0,110,0,0,114,0,114,154,0,154,268
05/11/2022,CFO,CO,ANM,WE,Federal Contract Tower,0,0,8,0,8,0,0,86,0,86,0,0,94,0,94,130,0,130,224
05/12/2022,CFO,CO,ANM,WE,Federal Contract Tower,0,0,6,0,6,0,0,23,0,23,0,0,29,0,29,14,0,14,43
05/13/2022,CFO,CO,ANM,WE,Federal Contract Tower,0,0,11,0,11,0,0,133,0,133,0,0,144,0,144,175,0,175,319
05/14/2022,CFO,CO,ANM,WE,Federal Contract Tower,0,0,13,0,13,0,0,235,0,235,0,0,248,0,248,340,0,340,588
05/15/2022,CFO,CO,ANM,WE,Federal Contract Tower,0,0,5,0,5,0,0,119,0,119,0,0,124,0,124,276,0,276,400
05/16/2022,CFO,CO,ANM,WE,Federal Contract Tower,0,0,5,0,5,0,0,133,2,135,0,0,138,2,140,254,4,258,398
05/17/2022,CFO,CO,ANM,WE,Federal Contract Tower,0,0,5,0,5,0,0,118,2,120,0,0,123,2,125,192,0,192,317
05/18/2022,CFO,CO,ANM,WE,Federal Contract Tower,0,0,2,0,2,0,0,154,0,154,0,0,156,0,156,324,0,324,480
05/19/2022,CFO,CO,ANM,WE,Federal Contract Tower,0,0,5,0,5,0,0,106,0,106,0,0,111,0,111,138,0,138,249
05/20/2022,CFO,CO,ANM,WE,Federal Contract Tower,0,0,2,0,2,0,0,0,0,0,0,0,2,0,2,0,0,0,2
05/21/2022,CFO,CO,ANM,WE,Federal Contract Tower,0,0,3,0,3,0,0,42,0,42,0,0,45,0,45,94,0,94,139
05/22/2022,CFO,CO,ANM,WE,Federal Contract Tower,0,0,3,0,3,0,0,50,0,50,0,0,53,0,53,0,0,0,53
05/23/2022,CFO,CO,ANM,WE,Federal Contract Tower,0,0,4,0,4,0,0,78,0,78,0,0,82,0,82,106,0,106,188
05/24/2022,CFO,CO,ANM,WE,Federal Contract Tower,0,0,6,0,6,0,0,35,0,35,0,0,41,0,41,78,0,78,119
05/25/2022,CFO,CO,ANM,WE,Federal Contract Tower,0,0,8,0,8,0,0,158,0,158,0,0,166,0,166,202,0,202,368
05/26/2022,CFO,CO,ANM,WE,Federal Contract Tower,0,0,12,0,12,0,0,218,0,218,0,0,230,0,230,291,0,291,521
05/27/2022,CFO,CO,ANM,WE,Federal Contract Tower,0,0,3,0,3,0,0,103,2,105,0,0,106,2,108,207,0,207,315
05/28/2022,CFO,CO,ANM,WE,Federal Contract Tower,0,0,6,0,6,0,0,180,0,180,0,0,186,0,186,28,6,34,220
05/29/2022,CFO,CO,ANM,WE,Federal Contract Tower,0,0,2,0,2,0,0,72,0,72,0,0,74,0,74,109,0,109,183
05/30/2022,CFO,CO,ANM,WE,Federal Contract Tower,0,0,4,0,4,0,0,54,0,54,0,0,58,0,58,74,0,74,132
05/31/2022,CFO,CO,ANM,WE,Federal Contract Tower,0,0,12,0,12,0,0,94,0,94,0,0,106,0,106,184,0,184,290
06/01/2022,CFO,CO,ANM,WE,Federal Contract Tower,0,0,8,0,8,0,0,8,0,8,0,0,16,0,16,36,0,36,52
06/02/2022,CFO,CO,ANM,WE,Federal Contract Tower,0,0,16,0,16,0,0,198,0,198,0,0,214,0,214,524,0,524,738
06/03/2022,CFO,CO,ANM,WE,Federal Contract Tower,0,0,5,0,5,0,0,140,0,140,0,0,145,0,145,364,0,364,509
06/04/2022,CFO,CO,ANM,WE,Federal Contract Tower,0,0,11,0,11,0,0,162,0,162,0,0,173,0,173,280,0,280,453
06/05/2022,CFO,CO,ANM,WE,Federal Contract Tower,0,0,5,0,5,0,0,157,0,157,0,0,162,0,162,334,0,334,496
06/06/2022,CFO,CO,ANM,WE,Federal Contract Tower,0,0,6,0,6,0,0,105,0,105,0,0,111,0,111,280,0,280,391
06/07/2022,CFO,CO,ANM,WE,Federal Contract Tower,0,0,20,0,20,0,0,59,0,59,0,0,79,0,79,24,0,24,103
06/08/2022,CFO,CO,ANM,WE,Federal Contract Tower,0,0,0,0,0,0,0,0,0,0,0,0,0,0,0,0,0,0,0
06/09/2022,CFO,CO,ANM,WE,Federal Contract Tower,0,0,6,0,6,0,0,96,4,100,0,0,102,4,106,122,10,132,238
06/10/2022,CFO,CO,ANM,WE,Federal Contract Tower,0,0,10,0,10,0,0,106,0,106,0,0,116,0,116,126,0,126,242
06/11/2022,CFO,CO,ANM,WE,Federal Contract Tower,0,0,3,0,3,0,0,111,0,111,0,0,114,0,114,156,0,156,270
06/12/2022,CFO,CO,ANM,WE,Federal Contract Tower,0,0,4,0,4,0,0,76,0,76,0,0,80,0,80,162,0,162,242
06/13/2022,CFO,CO,ANM,WE,Federal Contract Tower,0,0,2,4,6,0,0,87,2,89,0,0,89,6,95,106,0,106,201
06/14/2022,CFO,CO,ANM,WE,Federal Contract Tower,0,0,1,0,1,0,0,74,0,74,0,0,75,0,75,94,0,94,169
06/15/2022,CFO,CO,ANM,WE,Federal Contract Tower,0,0,0,0,0,0,0,0,0,0,0,0,0,0,0,0,0,0,0
06/16/2022,CFO,CO,ANM,WE,Federal Contract Tower,0,0,4,0,4,0,0,144,2,146,0,0,148,2,150,210,0,210,360
06/18/2022,CFO,CO,ANM,WE,Federal Contract Tower,0,0,9,0,9,0,0,67,0,67,0,0,76,0,76,68,0,68,144
06/19/2022,CFO,CO,ANM,WE,Federal Contract Tower,0,0,13,0,13,0,0,42,0,42,0,0,55,0,55,38,0,38,93
06/20/2022,CFO,CO,ANM,WE,Federal Contract Tower,0,0,9,0,9,0,0,74,0,74,0,0,83,0,83,72,0,72,155
06/21/2022,CFO,CO,ANM,WE,Federal Contract Tower,0,0,7,0,7,0,0,122,0,122,0,0,129,0,129,142,0,142,271
06/22/2022,CFO,CO,ANM,WE,Federal Contract Tower,0,1,7,0,8,0,2,174,2,178,0,3,181,2,186,288,0,288,474
06/23/2022,CFO,CO,ANM,WE,Federal Contract Tower,0,0,12,0,12,0,0,131,0,131,0,0,143,0,143,227,0,227,370
06/24/2022,CFO,CO,ANM,WE,Federal Contract Tower,0,0,6,0,6,0,0,135,0,135,0,0,141,0,141,222,0,222,363
06/25/2022,CFO,CO,ANM,WE,Federal Contract Tower,0,0,16,0,16,0,0,42,0,42,0,0,58,0,58,120,0,120,178
06/26/2022,CFO,CO,ANM,WE,Federal Contract Tower,0,0,6,0,6,0,0,57,0,57,0,0,63,0,63,92,0,92,155
06/27/2022,CFO,CO,ANM,WE,Federal Contract Tower,0,0,6,0,6,0,0,125,0,125,0,0,131,0,131,243,0,243,374
06/28/2022,CFO,CO,ANM,WE,Federal Contract Tower,0,0,8,0,8,0,0,155,0,155,0,0,163,0,163,304,0,304,467
06/29/2022,CFO,CO,ANM,WE,Federal Contract Tower,0,0,10,2,12,0,0,136,2,138,0,0,146,4,150,230,4,234,384
06/30/2022,CFO,CO,ANM,WE,Federal Contract Tower,0,0,14,2,16,0,0,80,0,80,0,0,94,2,96,198,0,198,294
07/01/2022,CFO,CO,ANM,WE,Federal Contract Tower,0,0,10,0,10,0,0,83,0,83,0,0,93,0,93,305,0,305,398
07/02/2022,CFO,CO,ANM,WE,Federal Contract Tower,0,0,6,0,6,0,0,140,0,140,0,0,146,0,146,302,0,302,448
07/03/2022,CFO,CO,ANM,WE,Federal Contract Tower,0,0,3,0,3,0,0,73,0,73,0,0,76,0,76,160,0,160,236
07/04/2022,CFO,CO,ANM,WE,Federal Contract Tower,0,0,2,0,2,0,0,83,0,83,0,0,85,0,85,117,0,117,202
07/05/2022,CFO,CO,ANM,WE,Federal Contract Tower,0,0,4,0,4,0,0,49,0,49,0,0,53,0,53,178,0,178,231
07/06/2022,CFO,CO,ANM,WE,Federal Contract Tower,0,0,16,0,16,0,0,41,0,41,0,0,57,0,57,24,0,24,81
07/07/2022,CFO,CO,ANM,WE,Federal Contract Tower,0,0,5,0,5,0,0,107,0,107,0,0,112,0,112,236,0,236,348
07/08/2022,CFO,CO,ANM,WE,Federal Contract Tower,0,0,10,0,10,0,0,109,0,109,0,0,119,0,119,247,0,247,366
07/09/2022,CFO,CO,ANM,WE,Federal Contract Tower,0,0,8,0,8,0,0,121,0,121,0,0,129,0,129,204,0,204,333
07/10/2022,CFO,CO,ANM,WE,Federal Contract Tower,0,0,4,0,4,0,0,120,0,120,0,0,124,0,124,110,0,110,234
07/11/2022,CFO,CO,ANM,WE,Federal Contract Tower,0,0,28,0,28,0,0,51,0,51,0,0,79,0,79,52,0,52,131
07/12/2022,CFO,CO,ANM,WE,Federal Contract Tower,0,0,4,0,4,0,0,121,0,121,0,0,125,0,125,136,0,136,261
07/13/2022,CFO,CO,ANM,WE,Federal Contract Tower,0,0,6,0,6,0,0,111,0,111,0,0,117,0,117,132,0,132,249
07/14/2022,CFO,CO,ANM,WE,Federal Contract Tower,0,0,17,0,17,0,0,86,0,86,0,0,103,0,103,226,0,226,329
07/15/2022,CFO,CO,ANM,WE,Federal Contract Tower,0,0,4,0,4,0,0,115,0,115,0,0,119,0,119,144,0,144,263
07/16/2022,CFO,CO,ANM,WE,Federal Contract Tower,0,0,12,0,12,0,0,100,0,100,0,0,112,0,112,134,0,134,246
07/17/2022,CFO,CO,ANM,WE,Federal Contract Tower,0,0,10,0,10,0,0,117,0,117,0,0,127,0,127,105,0,105,232
07/18/2022,CFO,CO,ANM,WE,Federal Contract Tower,0,0,3,0,3,0,0,121,0,121,0,0,124,0,124,158,0,158,282
07/19/2022,CFO,CO,ANM,WE,Federal Contract Tower,0,0,2,0,2,0,0,92,4,96,0,0,94,4,98,140,0,140,238
07/20/2022,CFO,CO,ANM,WE,Federal Contract Tower,0,1,5,0,6,0,0,132,2,134,0,1,137,2,140,162,0,162,302
07/21/2022,CFO,CO,ANM,WE,Federal Contract Tower,0,0,17,2,19,0,0,105,4,109,0,0,122,6,128,207,10,217,345
07/22/2022,CFO,CO,ANM,WE,Federal Contract Tower,0,0,12,0,12,0,0,130,8,138,0,0,142,8,150,170,8,178,328
07/23/2022,CFO,CO,ANM,WE,Federal Contract Tower,0,0,10,0,10,0,0,98,0,98,0,0,108,0,108,106,0,106,214
07/24/2022,CFO,CO,ANM,WE,Federal Contract Tower,0,2,15,0,17,0,0,91,0,91,0,2,106,0,108,164,0,164,272
07/25/2022,CFO,CO,ANM,WE,Federal Contract Tower,0,0,5,0,5,0,0,120,0,120,0,0,125,0,125,268,0,268,393
07/26/2022,CFO,CO,ANM,WE,Federal Contract Tower,0,0,4,0,4,0,0,92,2,94,0,0,96,2,98,186,8,194,292
07/27/2022,CFO,CO,ANM,WE,Federal Contract Tower,0,0,9,0,9,0,0,153,4,157,0,0,162,4,166,197,4,201,367
07/28/2022,CFO,CO,ANM,WE,Federal Contract Tower,0,0,7,0,7,0,0,46,0,46,0,0,53,0,53,204,0,204,257
07/29/2022,CFO,CO,ANM,WE,Federal Contract Tower,0,0,15,0,15,0,0,58,0,58,0,0,73,0,73,182,0,182,255
07/30/2022,CFO,CO,ANM,WE,Federal Contract Tower,0,0,6,0,6,0,0,122,0,122,0,0,128,0,128,293,0,293,421
07/31/2022,CFO,CO,ANM,WE,Federal Contract Tower,0,0,10,0,10,0,0,127,0,127,0,0,137,0,137,170,0,170,307
08/01/2022,CFO,CO,ANM,WE,Federal Contract Tower,0,0,8,0,8,0,0,118,0,118,0,0,126,0,126,190,0,190,316
08/02/2022,CFO,CO,ANM,WE,Federal Contract Tower,0,0,5,0,5,0,0,140,4,144,0,0,145,4,149,137,0,137,286
08/03/2022,CFO,CO,ANM,WE,Federal Contract Tower,0,0,2,0,2,0,0,120,0,120,0,0,122,0,122,216,0,216,338
08/04/2022,CFO,CO,ANM,WE,Federal Contract Tower,0,0,4,0,4,0,0,143,4,147,0,0,147,4,151,152,4,156,307
08/05/2022,CFO,CO,ANM,WE,Federal Contract Tower,0,0,8,0,8,0,0,103,0,103,0,0,111,0,111,240,0,240,351
08/06/2022,CFO,CO,ANM,WE,Federal Contract Tower,0,0,6,0,6,0,0,146,0,146,0,0,152,0,152,166,0,166,318
08/07/2022,CFO,CO,ANM,WE,Federal Contract Tower,0,0,11,0,11,0,0,60,0,60,0,0,71,0,71,97,0,97,168
08/08/2022,CFO,CO,ANM,WE,Federal Contract Tower,0,0,8,2,10,0,0,108,4,112,0,0,116,6,122,255,8,263,385
08/09/2022,CFO,CO,ANM,WE,Federal Contract Tower,0,0,7,0,7,0,0,93,4,97,0,0,100,4,104,258,2,260,364
08/10/2022,CFO,CO,ANM,WE,Federal Contract Tower,0,0,7,0,7,0,0,124,0,124,0,0,131,0,131,142,0,142,273
08/11/2022,CFO,CO,ANM,WE,Federal Contract Tower,0,0,2,0,2,0,0,90,0,90,0,0,92,0,92,151,0,151,243
08/12/2022,CFO,CO,ANM,WE,Federal Contract Tower,0,0,6,0,6,0,0,98,0,98,0,0,104,0,104,100,0,100,204
08/13/2022,CFO,CO,ANM,WE,Federal Contract Tower,0,0,7,0,7,0,0,112,0,112,0,0,119,0,119,164,0,164,283
08/14/2022,CFO,CO,ANM,WE,Federal Contract Tower,0,0,7,0,7,0,0,122,0,122,0,0,129,0,129,240,0,240,369
08/15/2022,CFO,CO,ANM,WE,Federal Contract Tower,0,0,10,0,10,0,0,93,2,95,0,0,103,2,105,204,8,212,317
08/16/2022,CFO,CO,ANM,WE,Federal Contract Tower,0,0,37,0,37,0,0,16,0,16,0,0,53,0,53,80,0,80,133
08/17/2022,CFO,CO,ANM,WE,Federal Contract Tower,0,0,19,0,19,0,0,109,0,109,0,0,128,0,128,190,0,190,318
08/18/2022,CFO,CO,ANM,WE,Federal Contract Tower,0,0,6,0,6,0,0,93,0,93,0,0,99,0,99,286,0,286,385
08/19/2022,CFO,CO,ANM,WE,Federal Contract Tower,0,0,4,1,5,0,0,104,2,106,0,0,108,3,111,253,0,253,364
08/20/2022,CFO,CO,ANM,WE,Federal Contract Tower,0,0,8,0,8,0,0,94,0,94,0,0,102,0,102,190,0,190,292
08/21/2022,CFO,CO,ANM,WE,Federal Contract Tower,0,0,8,0,8,0,0,111,0,111,0,0,119,0,119,208,0,208,327
08/22/2022,CFO,CO,ANM,WE,Federal Contract Tower,0,0,12,0,12,0,0,91,0,91,0,0,103,0,103,258,0,258,361
08/23/2022,CFO,CO,ANM,WE,Federal Contract Tower,0,0,7,0,7,0,0,135,4,139,0,0,142,4,146,234,0,234,380
08/24/2022,CFO,CO,ANM,WE,Federal Contract Tower,0,0,11,0,11,0,0,133,6,139,0,0,144,6,150,153,10,163,313
08/25/2022,CFO,CO,ANM,WE,Federal Contract Tower,0,0,6,2,8,0,2,70,0,72,0,2,76,2,80,241,0,241,321
08/26/2022,CFO,CO,ANM,WE,Federal Contract Tower,0,0,6,0,6,0,0,127,4,131,0,0,133,4,137,258,6,264,401
08/27/2022,CFO,CO,ANM,WE,Federal Contract Tower,0,0,5,0,5,0,0,180,0,180,0,0,185,0,185,62,0,62,247
08/28/2022,CFO,CO,ANM,WE,Federal Contract Tower,0,0,4,0,4,0,0,101,0,101,0,0,105,0,105,136,0,136,241
08/29/2022,CFO,CO,ANM,WE,Federal Contract Tower,0,0,4,0,4,0,0,120,4,124,0,0,124,4,128,422,0,422,550
08/30/2022,CFO,CO,ANM,WE,Federal Contract Tower,0,0,6,0,6,0,2,103,8,113,0,2,109,8,119,288,12,300,419
08/31/2022,CFO,CO,ANM,WE,Federal Contract Tower,0,0,9,0,9,0,0,88,2,90,0,0,97,2,99,197,0,197,296
09/01/2022,CFO,CO,ANM,WE,Federal Contract Tower,0,0,9,0,9,0,0,102,0,102,0,0,111,0,111,262,0,262,373
09/02/2022,CFO,CO,ANM,WE,Federal Contract Tower,0,0,13,0,13,0,0,84,0,84,0,0,97,0,97,148,0,148,245
09/03/2022,CFO,CO,ANM,WE,Federal Contract Tower,0,0,4,0,4,0,0,114,0,114,0,0,118,0,118,173,0,173,291
09/04/2022,CFO,CO,ANM,WE,Federal Contract Tower,0,0,1,0,1,0,0,111,0,111,0,0,112,0,112,182,0,182,294
09/05/2022,CFO,CO,ANM,WE,Federal Contract Tower,0,0,14,0,14,0,0,128,0,128,0,0,142,0,142,264,0,264,406
09/06/2022,CFO,CO,ANM,WE,Federal Contract Tower,0,1,6,0,7,0,0,58,0,58,0,1,64,0,65,322,0,322,387
09/07/2022,CFO,CO,ANM,WE,Federal Contract Tower,0,0,8,0,8,0,0,89,0,89,0,0,97,0,97,300,0,300,397
09/08/2022,CFO,CO,ANM,WE,Federal Contract Tower,0,0,16,0,16,0,0,115,0,115,0,0,131,0,131,218,0,218,349
09/09/2022,CFO,CO,ANM,WE,Federal Contract Tower,0,0,12,0,12,0,0,94,0,94,0,0,106,0,106,262,0,262,368
09/10/2022,CFO,CO,ANM,WE,Federal Contract Tower,0,0,9,0,9,0,0,0,0,0,0,0,9,0,9,0,0,0,9
09/11/2022,CFO,CO,ANM,WE,Federal Contract Tower,0,0,19,0,19,0,0,157,0,157,0,0,176,0,176,249,0,249,425
09/12/2022,CFO,CO,ANM,WE,Federal Contract Tower,0,0,7,0,7,0,0,102,2,104,0,0,109,2,111,172,2,174,285
09/13/2022,CFO,CO,ANM,WE,Federal Contract Tower,0,0,4,0,4,0,0,92,4,96,0,0,96,4,100,168,2,170,270
09/14/2022,CFO,CO,ANM,WE,Federal Contract Tower,0,0,6,0,6,0,0,61,0,61,0,0,67,0,67,154,0,154,221
09/15/2022,CFO,CO,ANM,WE,Federal Contract Tower,0,0,8,0,8,0,0,70,2,72,0,0,78,2,80,193,2,195,275
09/16/2022,CFO,CO,ANM,WE,Federal Contract Tower,0,0,3,0,3,0,0,113,0,113,0,0,116,0,116,264,4,268,384
09/17/2022,CFO,CO,ANM,WE,Federal Contract Tower,0,0,11,0,11,0,0,96,0,96,0,0,107,0,107,134,0,134,241
09/18/2022,CFO,CO,ANM,WE,Federal Contract Tower,0,0,3,0,3,0,0,136,0,136,0,0,139,0,139,188,0,188,327
09/19/2022,CFO,CO,ANM,WE,Federal Contract Tower,0,0,12,0,12,0,0,93,0,93,0,0,105,0,105,230,0,230,335
09/20/2022,CFO,CO,ANM,WE,Federal Contract Tower,0,0,7,0,7,0,0,95,0,95,0,0,102,0,102,191,0,191,293
09/21/2022,CFO,CO,ANM,WE,Federal Contract Tower,0,0,9,0,9,0,0,17,0,17,0,0,26,0,26,46,0,46,72
09/22/2022,CFO,CO,ANM,WE,Federal Contract Tower,0,0,29,0,29,0,0,12,0,12,0,0,41,0,41,132,0,132,173
09/23/2022,CFO,CO,ANM,WE,Federal Contract Tower,0,0,7,0,7,0,0,147,0,147,0,0,154,0,154,318,0,318,472
09/24/2022,CFO,CO,ANM,WE,Federal Contract Tower,0,0,2,0,2,0,0,165,0,165,0,0,167,0,167,0,200,200,367
09/25/2022,CFO,CO,ANM,WE,Federal Contract Tower,0,0,5,0,5,0,0,0,0,0,0,0,5,0,5,416,0,416,421
09/26/2022,CFO,CO,ANM,WE,Federal Contract Tower,0,1,6,0,7,0,0,145,0,145,0,1,151,0,152,476,4,480,632
09/27/2022,CFO,CO,ANM,WE,Federal Contract Tower,0,0,4,0,4,0,0,100,0,100,0,0,104,0,104,396,0,396,500
09/28/2022,CFO,CO,ANM,WE,Federal Contract Tower,0,0,7,0,7,0,0,192,0,192,0,0,199,0,199,366,0,366,565
09/29/2022,CFO,CO,ANM,WE,Federal Contract Tower,0,0,12,0,12,0,0,97,0,97,0,0,109,0,109,386,0,386,495
09/30/2022,CFO,CO,ANM,WE,Federal Contract Tower,0,0,9,0,9,0,0,115,0,115,0,0,124,0,124,292,0,292,416
10/01/2022,CFO,CO,ANM,WE,Federal Contract Tower,0,0,3,0,3,0,0,94,0,94,0,0,97,0,97,256,0,256,353
10/02/2022,CFO,CO,ANM,WE,Federal Contract Tower,0,0,8,0,8,0,0,109,0,109,0,0,117,0,117,177,0,177,294
10/03/2022,CFO,CO,ANM,WE,Federal Contract Tower,0,1,6,2,9,0,0,115,2,117,0,1,121,4,126,488,0,488,614
10/04/2022,CFO,CO,ANM,WE,Federal Contract Tower,0,0,11,0,11,0,0,76,0,76,0,0,87,0,87,268,0,268,355
10/05/2022,CFO,CO,ANM,WE,Federal Contract Tower,0,0,6,0,6,0,0,124,0,124,0,0,130,0,130,422,0,422,552
10/06/2022,CFO,CO,ANM,WE,Federal Contract Tower,0,0,8,0,8,0,0,121,4,125,0,0,129,4,133,350,2,352,485
10/07/2022,CFO,CO,ANM,WE,Federal Contract Tower,0,0,19,0,19,0,0,5,0,5,0,0,24,0,24,56,0,56,80
10/08/2022,CFO,CO,ANM,WE,Federal Contract Tower,0,0,11,0,11,0,0,124,0,124,0,0,135,0,135,382,0,382,517
10/09/2022,CFO,CO,ANM,WE,Federal Contract Tower,0,0,12,0,12,0,0,154,0,154,0,0,166,0,166,214,0,214,380
10/10/2022,CFO,CO,ANM,WE,Federal Contract Tower,0,0,6,0,6,0,0,121,0,121,0,0,127,0,127,242,0,242,369
10/11/2022,CFO,CO,ANM,WE,Federal Contract Tower,0,0,10,1,11,0,0,112,1,113,0,0,122,2,124,192,0,192,316
10/12/2022,CFO,CO,ANM,WE,Federal Contract Tower,0,0,8,0,8,0,0,113,0,113,0,0,121,0,121,292,0,292,413
10/13/2022,CFO,CO,ANM,WE,Federal Contract Tower,0,0,11,0,11,0,0,87,0,87,0,0,98,0,98,258,0,258,356
10/14/2022,CFO,CO,ANM,WE,Federal Contract Tower,0,0,7,0,7,0,0,168,0,168,0,0,175,0,175,360,0,360,535
10/15/2022,CFO,CO,ANM,WE,Federal Contract Tower,0,0,9,0,9,0,0,119,0,119,0,0,128,0,128,278,0,278,406
10/16/2022,CFO,CO,ANM,WE,Federal Contract Tower,0,0,15,0,15,0,0,143,0,143,0,0,158,0,158,198,0,198,356
10/17/2022,CFO,CO,ANM,WE,Federal Contract Tower,0,0,10,0,10,0,0,141,0,141,0,0,151,0,151,346,0,346,497
10/18/2022,CFO,CO,ANM,WE,Federal Contract Tower,0,0,4,0,4,0,130,0,0,130,0,130,4,0,134,276,0,276,410
10/19/2022,CFO,CO,ANM,WE,Federal Contract Tower,0,0,6,0,6,0,0,124,0,124,0,0,130,0,130,264,0,264,394
10/20/2022,CFO,CO,ANM,WE,Federal Contract Tower,0,0,12,0,12,0,0,113,0,113,0,0,125,0,125,450,0,450,575
10/21/2022,CFO,CO,ANM,WE,Federal Contract Tower,0,0,10,0,10,0,0,97,0,97,0,0,107,0,107,196,0,196,303
10/22/2022,CFO,CO,ANM,WE,Federal Contract Tower,0,0,3,0,3,0,0,144,0,144,0,0,147,0,147,212,0,212,359
10/23/2022,CFO,CO,ANM,WE,Federal Contract Tower,0,0,0,0,0,0,0,6,0,6,0,0,6,0,6,0,0,0,6
10/24/2022,CFO,CO,ANM,WE,Federal Contract Tower,0,0,3,0,3,0,0,76,0,76,0,0,79,0,79,458,0,458,537
10/25/2022,CFO,CO,ANM,WE,Federal Contract Tower,0,0,3,0,3,0,0,98,0,98,0,0,101,0,101,500,0,500,601
10/26/2022,CFO,CO,ANM,WE,Federal Contract Tower,0,0,7,0,7,0,0,124,2,126,0,0,131,2,133,376,0,376,509
10/27/2022,CFO,CO,ANM,WE,Federal Contract Tower,0,0,6,0,6,0,0,21,0,21,0,0,27,0,27,28,0,28,55
10/28/2022,CFO,CO,ANM,WE,Federal Contract Tower,0,0,10,0,10,0,0,142,4,146,0,0,152,4,156,414,2,416,572
10/29/2022,CFO,CO,ANM,WE,Federal Contract Tower,0,0,10,0,10,0,0,185,0,185,0,0,195,0,195,140,0,140,335
10/30/2022,CFO,CO,ANM,WE,Federal Contract Tower,0,0,6,0,6,0,0,97,0,97,0,0,103,0,103,196,0,196,299
10/31/2022,CFO,CO,ANM,WE,Federal Contract Tower,0,0,2,0,2,0,0,114,0,114,0,0,116,0,116,278,0,278,394
11/01/2022,CFO,CO,ANM,WE,Federal Contract Tower,0,0,12,0,12,0,0,99,2,101,0,0,111,2,113,248,4,252,365
11/02/2022,CFO,CO,ANM,WE,Federal Contract Tower,0,0,7,0,7,0,0,75,0,75,0,0,82,0,82,192,0,192,274
11/03/2022,CFO,CO,ANM,WE,Federal Contract Tower,0,0,5,0,5,0,0,28,0,28,0,0,33,0,33,56,0,56,89
11/04/2022,CFO,CO,ANM,WE,Federal Contract Tower,0,0,6,2,8,0,0,88,2,90,0,0,94,4,98,298,20,318,416
11/05/2022,CFO,CO,ANM,WE,Federal Contract Tower,0,0,6,0,6,0,0,101,0,101,0,0,107,0,107,344,0,344,451
11/06/2022,CFO,CO,ANM,WE,Federal Contract Tower,0,0,6,0,6,0,0,81,0,81,0,0,87,0,87,294,0,294,381
11/07/2022,CFO,CO,ANM,WE,Federal Contract Tower,0,2,6,2,10,0,0,24,0,24,0,2,30,2,34,26,0,26,60
11/08/2022,CFO,CO,ANM,WE,Federal Contract Tower,0,0,10,0,10,0,0,34,2,36,0,0,44,2,46,36,0,36,82
11/09/2022,CFO,CO,ANM,WE,Federal Contract Tower,0,0,8,0,8,0,0,42,0,42,0,0,50,0,50,138,0,138,188
11/10/2022,CFO,CO,ANM,WE,Federal Contract Tower,0,0,11,0,11,0,0,92,2,94,0,0,103,2,105,242,6,248,353
11/11/2022,CFO,CO,ANM,WE,Federal Contract Tower,0,0,8,0,8,0,0,125,0,125,0,0,133,0,133,286,0,286,419
11/12/2022,CFO,CO,ANM,WE,Federal Contract Tower,0,0,4,0,4,0,0,193,0,193,0,0,197,0,197,544,0,544,741
11/13/2022,CFO,CO,ANM,WE,Federal Contract Tower,0,0,9,0,9,0,0,129,0,129,0,0,138,0,138,302,0,302,440
11/14/2022,CFO,CO,ANM,WE,Federal Contract Tower,0,0,9,0,9,0,0,114,0,114,0,0,123,0,123,466,0,466,589
11/15/2022,CFO,CO,ANM,WE,Federal Contract Tower,0,0,8,0,8,0,0,56,0,56,0,0,64,0,64,232,0,232,296
11/16/2022,CFO,CO,ANM,WE,Federal Contract Tower,0,0,9,0,9,0,0,99,0,99,0,0,108,0,108,374,0,374,482
11/17/2022,CFO,CO,ANM,WE,Federal Contract Tower,0,0,6,2,8,0,0,0,0,0,0,0,6,2,8,0,0,0,8
11/18/2022,CFO,CO,ANM,WE,Federal Contract Tower,0,0,9,0,9,0,0,72,0,72,0,0,81,0,81,218,0,218,299
11/19/2022,CFO,CO,ANM,WE,Federal Contract Tower,0,0,0,0,0,0,0,105,0,105,0,0,105,0,105,230,0,230,335
11/20/2022,CFO,CO,ANM,WE,Federal Contract Tower,0,0,9,0,9,0,0,102,0,102,0,0,111,0,111,344,0,344,455
11/21/2022,CFO,CO,ANM,WE,Federal Contract Tower,0,0,3,0,3,0,0,79,2,81,0,0,82,2,84,358,0,358,442
11/22/2022,CFO,CO,ANM,WE,Federal Contract Tower,0,1,16,0,17,0,0,107,4,111,0,1,123,4,128,290,0,290,418
11/23/2022,CFO,CO,ANM,WE,Federal Contract Tower,0,1,7,0,8,0,0,83,0,83,0,1,90,0,91,126,0,126,217
11/24/2022,CFO,CO,ANM,WE,Federal Contract Tower,0,0,1,0,1,0,0,2,0,2,0,0,3,0,3,0,0,0,3
11/25/2022,CFO,CO,ANM,WE,Federal Contract Tower,0,0,9,0,9,0,0,85,0,85,0,0,94,0,94,250,0,250,344
11/26/2022,CFO,CO,ANM,WE,Federal Contract Tower,0,1,8,0,9,0,0,71,0,71,0,1,79,0,80,196,0,196,276
11/27/2022,CFO,CO,ANM,WE,Federal Contract Tower,0,3,11,0,14,0,0,86,0,86,0,3,97,0,100,244,0,244,344
11/28/2022,CFO,CO,ANM,WE,Federal Contract Tower,0,0,6,0,6,0,0,103,2,105,0,0,109,2,111,362,2,364,475
11/29/2022,CFO,CO,ANM,WE,Federal Contract Tower,0,0,5,0,5,0,0,2,0,2,0,0,7,0,7,6,0,6,13
11/30/2022,CFO,CO,ANM,WE,Federal Contract Tower,0,0,7,0,7,0,0,98,0,98,0,0,105,0,105,270,0,270,375
12/01/2022,CFO,CO,ANM,WE,Federal Contract Tower,0,0,5,2,7,0,0,81,0,81,0,0,86,2,88,126,0,126,214
12/02/2022,CFO,CO,ANM,WE,Federal Contract Tower,0,0,4,0,4,0,0,28,0,28,0,0,32,0,32,38,0,38,70
12/03/2022,CFO,CO,ANM,WE,Federal Contract Tower,0,1,5,0,6,0,0,141,0,141,0,1,146,0,147,302,0,302,449
12/04/2022,CFO,CO,ANM,WE,Federal Contract Tower,0,0,6,0,6,0,0,117,0,117,0,0,123,0,123,188,0,188,311
12/05/2022,CFO,CO,ANM,WE,Federal Contract Tower,0,3,7,0,10,0,0,84,2,86,0,3,91,2,96,332,2,334,430
12/06/2022,CFO,CO,ANM,WE,Federal Contract Tower,0,0,10,2,12,0,0,101,2,103,0,0,111,4,115,304,4,308,423
12/07/2022,CFO,CO,ANM,WE,Federal Contract Tower,0,0,9,2,11,0,0,81,2,83,0,0,90,4,94,252,2,254,348
12/08/2022,CFO,CO,ANM,WE,Federal Contract Tower,0,0,8,0,8,0,0,38,2,40,0,0,46,2,48,130,4,134,182
12/09/2022,CFO,CO,ANM,WE,Federal Contract Tower,0,0,2,0,2,0,0,70,0,70,0,0,72,0,72,208,0,208,280
12/10/2022,CFO,CO,ANM,WE,Federal Contract Tower,0,0,7,0,7,0,0,122,0,122,0,0,129,0,129,256,0,256,385
12/11/2022,CFO,CO,ANM,WE,Federal Contract Tower,0,1,2,0,3,0,0,85,0,85,0,1,87,0,88,90,0,90,178
12/12/2022,CFO,CO,ANM,WE,Federal Contract Tower,0,0,0,0,0,0,0,45,0,45,0,0,45,0,45,184,0,184,229
12/13/2022,CFO,CO,ANM,WE,Federal Contract Tower,0,0,2,6,8,0,0,0,0,0,0,0,2,6,8,0,0,0,8
12/14/2022,CFO,CO,ANM,WE,Federal Contract Tower,0,0,2,2,4,0,0,53,0,53,0,0,55,2,57,114,0,114,171
12/15/2022,CFO,CO,ANM,WE,Federal Contract Tower,0,0,13,0,13,0,0,79,0,79,0,0,92,0,92,246,0,246,338
12/16/2022,CFO,CO,ANM,WE,Federal Contract Tower,0,0,9,0,9,0,0,82,0,82,0,0,91,0,91,164,0,164,255
12/17/2022,CFO,CO,ANM,WE,Federal Contract Tower,0,0,7,0,7,0,0,114,0,114,0,0,121,0,121,200,0,200,321
12/18/2022,CFO,CO,ANM,WE,Federal Contract Tower,0,0,9,0,9,0,0,79,0,79,0,0,88,0,88,234,0,234,322
12/19/2022,CFO,CO,ANM,WE,Federal Contract Tower,0,1,6,1,8,0,0,113,1,114,0,1,119,2,122,156,0,156,278
12/20/2022,CFO,CO,ANM,WE,Federal Contract Tower,0,1,7,0,8,0,0,138,2,140,0,1,145,2,148,390,8,398,546
12/21/2022,CFO,CO,ANM,WE,Federal Contract Tower,0,0,6,0,6,0,0,52,0,52,0,0,58,0,58,86,0,86,144
12/22/2022,CFO,CO,ANM,WE,Federal Contract Tower,0,0,6,0,6,0,0,21,0,21,0,0,27,0,27,18,0,18,45
12/23/2022,CFO,CO,ANM,WE,Federal Contract Tower,0,0,5,0,5,0,0,33,0,33,0,0,38,0,38,58,0,58,96
12/24/2022,CFO,CO,ANM,WE,Federal Contract Tower,0,1,2,0,3,0,0,30,0,30,0,1,32,0,33,130,0,130,163
12/25/2022,CFO,CO,ANM,WE,Federal Contract Tower,0,0,0,0,0,0,0,11,0,11,0,0,11,0,11,8,0,8,19
12/26/2022,CFO,CO,ANM,WE,Federal Contract Tower,0,0,6,0,6,0,0,66,0,66,0,0,72,0,72,314,0,314,386
12/27/2022,CFO,CO,ANM,WE,Federal Contract Tower,0,0,13,0,13,0,0,83,0,83,0,0,96,0,96,133,0,133,229
12/28/2022,CFO,CO,ANM,WE,Federal Contract Tower,0,0,4,0,4,0,0,71,0,71,0,0,75,0,75,170,0,170,245
12/29/2022,CFO,CO,ANM,WE,Federal Contract Tower,0,0,9,0,9,0,0,14,0,14,0,0,23,0,23,36,0,36,59
12/30/2022,CFO,CO,ANM,WE,Federal Contract Tower,0,2,9,0,11,0,0,69,0,69,0,2,78,0,80,281,0,281,361
12/31/2022,CFO,CO,ANM,WE,Federal Contract Tower,0,0,8,0,8,0,0,78,0,78,0,0,86,0,86,284,0,284,370
01/01/2023,CFO,CO,ANM,WE,Federal Contract Tower,0,0,13,0,13,0,0,28,0,28,0,0,41,0,41,66,0,66,107
01/02/2023,CFO,CO,ANM,WE,Federal Contract Tower,0,0,3,0,3,0,0,0,0,0,0,0,3,0,3,0,0,0,3
01/03/2023,CFO,CO,ANM,WE,Federal Contract Tower,0,2,11,0,13,0,0,8,0,8,0,2,19,0,21,6,0,6,27
01/04/2023,CFO,CO,ANM,WE,Federal Contract Tower,0,0,10,2,12,0,0,104,10,114,0,0,114,12,126,345,10,355,481
01/05/2023,CFO,CO,ANM,WE,Federal Contract Tower,0,0,9,0,9,0,0,112,0,112,0,0,121,0,121,318,0,318,439
01/06/2023,CFO,CO,ANM,WE,Federal Contract Tower,0,2,8,0,10,0,0,117,2,119,0,2,125,2,129,330,4,334,463
01/07/2023,CFO,CO,ANM,WE,Federal Contract Tower,0,0,7,0,7,0,0,121,4,125,0,0,128,4,132,358,0,358,490
01/08/2023,CFO,CO,ANM,WE,Federal Contract Tower,0,0,9,0,9,0,0,79,0,79,0,0,88,0,88,260,0,260,348
01/09/2023,CFO,CO,ANM,WE,Federal Contract Tower,0,0,12,0,12,0,0,100,2,102,0,0,112,2,114,330,8,338,452
01/10/2023,CFO,CO,ANM,WE,Federal Contract Tower,0,0,5,0,5,0,0,69,0,69,0,0,74,0,74,116,0,116,190
01/11/2023,CFO,CO,ANM,WE,Federal Contract Tower,0,0,8,0,8,0,0,0,0,0,0,0,8,0,8,0,0,0,8
01/12/2023,CFO,CO,ANM,WE,Federal Contract Tower,0,0,6,4,10,0,0,159,0,159,0,0,165,4,169,230,0,230,399
01/13/2023,CFO,CO,ANM,WE,Federal Contract Tower,0,0,13,0,13,0,0,178,0,178,0,0,191,0,191,340,0,340,531
01/14/2023,CFO,CO,ANM,WE,Federal Contract Tower,0,0,9,0,9,0,0,126,0,126,0,0,135,0,135,288,0,288,423
01/15/2023,CFO,CO,ANM,WE,Federal Contract Tower,0,0,1,0,1,0,0,75,0,75,0,0,76,0,76,300,0,300,376
01/16/2023,CFO,CO,ANM,WE,Federal Contract Tower,0,0,5,0,5,0,0,128,0,128,0,0,133,0,133,296,0,296,429
01/17/2023,CFO,CO,ANM,WE,Federal Contract Tower,0,0,11,0,11,0,0,96,0,96,0,0,107,0,107,148,0,148,255
01/18/2023,CFO,CO,ANM,WE,Federal Contract Tower,0,0,0,0,0,0,0,0,0,0,0,0,0,0,0,0,0,0,0
01/19/2023,CFO,CO,ANM,WE,Federal Contract Tower,0,0,3,2,5,0,0,32,4,36,0,0,35,6,41,46,6,52,93
01/20/2023,CFO,CO,ANM,WE,Federal Contract Tower,0,0,8,0,8,0,0,33,0,33,0,0,41,0,41,60,0,60,101
01/21/2023,CFO,CO,ANM,WE,Federal Contract Tower,0,0,6,0,6,0,0,6,0,6,0,0,12,0,12,36,0,36,48
01/22/2023,CFO,CO,ANM,WE,Federal Contract Tower,0,1,4,0,5,0,0,125,0,125,0,1,129,0,130,192,0,192,322
01/23/2023,CFO,CO,ANM,WE,Federal Contract Tower,0,0,10,0,10,0,0,38,0,38,0,0,48,0,48,66,0,66,114
01/24/2023,CFO,CO,ANM,WE,Federal Contract Tower,0,0,8,0,8,0,0,75,0,75,0,0,83,0,83,286,0,286,369
01/25/2023,CFO,CO,ANM,WE,Federal Contract Tower,0,1,7,2,10,0,0,16,0,16,0,1,23,2,26,18,0,18,44
01/26/2023,CFO,CO,ANM,WE,Federal Contract Tower,0,0,18,0,18,0,0,90,0,90,0,0,108,0,108,184,0,184,292
01/27/2023,CFO,CO,ANM,WE,Federal Contract Tower,0,0,11,2,13,0,0,132,0,132,0,0,143,2,145,336,0,336,481
01/28/2023,CFO,CO,ANM,WE,Federal Contract Tower,0,0,3,0,3,0,0,9,0,9,0,0,12,0,12,36,0,36,48
01/29/2023,CFO,CO,ANM,WE,Federal Contract Tower,0,2,5,0,7,0,0,0,0,0,0,2,5,0,7,0,0,0,7
01/30/2023,CFO,CO,ANM,WE,Federal Contract Tower,0,0,3,0,3,0,0,18,0,18,0,0,21,0,21,0,0,0,21
01/31/2023,CFO,CO,ANM,WE,Federal Contract Tower,0,0,8,0,8,0,0,99,0,99,0,0,107,0,107,150,0,150,257
02/01/2023,CFO,CO,ANM,WE,Federal Contract Tower,0,0,6,0,6,0,0,117,2,119,0,0,123,2,125,256,4,260,385
02/02/2023,CFO,CO,ANM,WE,Federal Contract Tower,0,0,6,0,6,0,0,114,2,116,0,0,120,2,122,258,8,266,388
02/03/2023,CFO,CO,ANM,WE,Federal Contract Tower,0,0,12,0,12,0,0,136,0,136,0,0,148,0,148,334,2,336,484
02/04/2023,CFO,CO,ANM,WE,Federal Contract Tower,0,0,5,0,5,0,0,118,0,118,0,0,123,0,123,186,0,186,309
02/05/2023,CFO,CO,ANM,WE,Federal Contract Tower,0,0,7,0,7,0,0,103,0,103,0,0,110,0,110,262,0,262,372
02/06/2023,CFO,CO,ANM,WE,Federal Contract Tower,0,2,6,0,8,0,0,49,0,49,0,2,55,0,57,142,0,142,199
02/07/2023,CFO,CO,ANM,WE,Federal Contract Tower,0,0,7,0,7,0,0,101,0,101,0,0,108,0,108,258,0,258,366
02/08/2023,CFO,CO,ANM,WE,Federal Contract Tower,0,0,13,0,13,0,0,81,2,83,0,0,94,2,96,326,0,326,422
02/09/2023,CFO,CO,ANM,WE,Federal Contract Tower,0,0,5,0,5,0,0,33,2,35,0,0,38,2,40,62,2,64,104
02/10/2023,CFO,CO,ANM,WE,Federal Contract Tower,0,4,6,0,10,0,0,126,0,126,0,4,132,0,136,290,0,290,426
02/11/2023,CFO,CO,ANM,WE,Federal Contract Tower,0,0,10,0,10,0,0,131,2,133,0,0,141,2,143,298,0,298,441
02/12/2023,CFO,CO,ANM,WE,Federal Contract Tower,0,0,5,0,5,0,0,86,0,86,0,0,91,0,91,293,0,293,384
02/13/2023,CFO,CO,ANM,WE,Federal Contract Tower,0,0,10,0,10,0,0,82,2,84,0,0,92,2,94,220,0,220,314
02/14/2023,CFO,CO,ANM,WE,Federal Contract Tower,0,0,4,0,4,0,0,47,0,47,0,0,51,0,51,130,0,130,181
02/15/2023,CFO,CO,ANM,WE,Federal Contract Tower,0,0,2,0,2,0,0,0,0,0,0,0,2,0,2,0,0,0,2
02/16/2023,CFO,CO,ANM,WE,Federal Contract Tower,0,0,15,0,15,0,0,75,0,75,0,0,90,0,90,154,0,154,244
02/17/2023,CFO,CO,ANM,WE,Federal Contract Tower,0,0,17,0,17,0,0,127,7,134,0,0,144,7,151,254,10,264,415
02/18/2023,CFO,CO,ANM,WE,Federal Contract Tower,0,0,18,0,18,0,0,121,0,121,0,0,139,0,139,412,0,412,551
02/19/2023,CFO,CO,ANM,WE,Federal Contract Tower,0,0,6,0,6,0,0,57,0,57,0,0,63,0,63,154,0,154,217
02/20/2023,CFO,CO,ANM,WE,Federal Contract Tower,0,0,5,0,5,0,0,53,0,53,0,0,58,0,58,76,0,76,134
02/21/2023,CFO,CO,ANM,WE,Federal Contract Tower,0,0,15,0,15,0,0,92,0,92,0,0,107,0,107,122,0,122,229
02/22/2023,CFO,CO,ANM,WE,Federal Contract Tower,0,0,0,0,0,0,0,0,0,0,0,0,0,0,0,0,0,0,0
02/23/2023,CFO,CO,ANM,WE,Federal Contract Tower,0,0,7,0,7,0,0,47,0,47,0,0,54,0,54,126,0,126,180
02/24/2023,CFO,CO,ANM,WE,Federal Contract Tower,0,0,12,0,12,0,0,86,0,86,0,0,98,0,98,294,0,294,392
02/25/2023,CFO,CO,ANM,WE,Federal Contract Tower,0,0,11,0,11,0,0,205,0,205,0,0,216,0,216,192,0,192,408
02/26/2023,CFO,CO,ANM,WE,Federal Contract Tower,0,0,2,0,2,0,0,50,0,50,0,0,52,0,52,162,0,162,214
02/27/2023,CFO,CO,ANM,WE,Federal Contract Tower,0,0,7,3,10,0,0,73,1,74,0,0,80,4,84,206,0,206,290
02/28/2023,CFO,CO,ANM,WE,Federal Contract Tower,0,0,5,0,5,0,0,18,4,22,0,0,23,4,27,56,0,56,83
03/01/2023,CFO,CO,ANM,WE,Federal Contract Tower,1,1,4,2,8,0,0,48,0,48,1,1,52,2,56,74,0,74,130
03/02/2023,CFO,CO,ANM,WE,Federal Contract Tower,0,0,7,0,7,0,0,125,2,127,0,0,132,2,134,288,2,290,424
03/03/2023,CFO,CO,ANM,WE,Federal Contract Tower,0,1,3,0,4,0,0,97,16,113,0,1,100,16,117,248,0,248,365
03/04/2023,CFO,CO,ANM,WE,Federal Contract Tower,0,2,7,0,9,0,0,49,0,49,0,2,56,0,58,88,0,88,146
03/05/2023,CFO,CO,ANM,WE,Federal Contract Tower,0,0,8,0,8,0,0,32,0,32,0,0,40,0,40,102,0,102,142
03/06/2023,CFO,CO,ANM,WE,Federal Contract Tower,0,2,7,0,9,0,0,113,0,113,0,2,120,0,122,174,0,174,296
03/07/2023,CFO,CO,ANM,WE,Federal Contract Tower,0,0,4,0,4,0,0,14,0,14,0,0,18,0,18,6,0,6,24
03/08/2023,CFO,CO,ANM,WE,Federal Contract Tower,0,0,7,0,7,0,0,33,0,33,0,0,40,0,40,146,0,146,186
03/09/2023,CFO,CO,ANM,WE,Federal Contract Tower,0,0,7,0,7,0,0,54,8,62,0,0,61,8,69,124,14,138,207
03/10/2023,CFO,CO,ANM,WE,Federal Contract Tower,0,0,9,0,9,0,0,105,0,105,0,0,114,0,114,186,0,186,300
03/11/2023,CFO,CO,ANM,WE,Federal Contract Tower,0,0,10,0,10,0,0,125,0,125,0,0,135,0,135,212,0,212,347
03/12/2023,CFO,CO,ANM,WE,Federal Contract Tower,0,0,6,0,6,0,0,125,0,125,0,0,131,0,131,228,0,228,359
03/13/2023,CFO,CO,ANM,WE,Federal Contract Tower,0,1,5,0,6,0,0,108,0,108,0,1,113,0,114,244,0,244,358
03/14/2023,CFO,CO,ANM,WE,Federal Contract Tower,0,0,6,0,6,0,0,156,0,156,0,0,162,0,162,262,0,262,424
03/15/2023,CFO,CO,ANM,WE,Federal Contract Tower,0,0,5,0,5,0,8,120,0,128,0,8,125,0,133,224,0,224,357
03/16/2023,CFO,CO,ANM,WE,Federal Contract Tower,0,0,6,2,8,0,0,18,0,18,0,0,24,2,26,22,0,22,48
03/17/2023,CFO,CO,ANM,WE,Federal Contract Tower,0,0,17,0,17,0,4,87,0,91,0,4,104,0,108,262,0,262,370
03/18/2023,CFO,CO,ANM,WE,Federal Contract Tower,0,2,9,0,11,0,6,172,0,178,0,8,181,0,189,76,0,76,265
03/19/2023,CFO,CO,ANM,WE,Federal Contract Tower,0,2,10,0,12,0,0,140,0,140,0,2,150,0,152,196,0,196,348
03/20/2023,CFO,CO,ANM,WE,Federal Contract Tower,0,0,10,0,10,0,12,89,0,101,0,12,99,0,111,108,0,108,219
03/21/2023,CFO,CO,ANM,WE,Federal Contract Tower,0,1,10,0,11,0,6,86,2,94,0,7,96,2,105,294,0,294,399
03/22/2023,CFO,CO,ANM,WE,Federal Contract Tower,0,0,2,0,2,0,2,67,0,69,0,2,69,0,71,142,0,142,213
03/23/2023,CFO,CO,ANM,WE,Federal Contract Tower,0,2,5,0,7,0,8,98,2,108,0,10,103,2,115,224,0,224,339
03/24/2023,CFO,CO,ANM,WE,Federal Contract Tower,0,0,8,0,8,0,4,133,0,137,0,4,141,0,145,314,0,314,459
03/25/2023,CFO,CO,ANM,WE,Federal Contract Tower,0,0,11,0,11,0,0,18,0,18,0,0,29,0,29,26,0,26,55
03/26/2023,CFO,CO,ANM,WE,Federal Contract Tower,0,0,2,0,2,0,4,103,0,107,0,4,105,0,109,148,0,148,257
03/27/2023,CFO,CO,ANM,WE,Federal Contract Tower,0,0,3,0,3,0,0,2,4,6,0,0,5,4,9,28,0,28,37
03/28/2023,CFO,CO,ANM,WE,Federal Contract Tower,0,0,10,0,10,0,12,144,0,156,0,12,154,0,166,312,0,312,478
03/29/2023,CFO,CO,ANM,WE,Federal Contract Tower,0,0,4,0,4,0,14,115,4,133,0,14,119,4,137,247,8,255,392
03/30/2023,CFO,CO,ANM,WE,Federal Contract Tower,0,0,11,0,11,0,2,26,0,28,0,2,37,0,39,14,0,14,53
03/31/2023,CFO,CO,ANM,WE,Federal Contract Tower,0,0,2,0,2,0,4,8,0,12,0,4,10,0,14,20,0,20,34
04/01/2023,CFO,CO,ANM,WE,Federal Contract Tower,0,0,7,0,7,0,12,142,0,154,0,12,149,0,161,372,0,372,533
04/02/2023,CFO,CO,ANM,WE,Federal Contract Tower,0,0,5,0,5,0,0,90,0,90,0,0,95,0,95,204,0,204,299
04/03/2023,CFO,CO,ANM,WE,Federal Contract Tower,0,3,7,0,10,0,4,73,0,77,0,7,80,0,87,126,0,126,213
04/04/2023,CFO,CO,ANM,WE,Federal Contract Tower,0,0,1,0,1,0,0,0,0,0,0,0,1,0,1,0,0,0,1
04/05/2023,CFO,CO,ANM,WE,Federal Contract Tower,0,2,16,0,18,0,6,90,6,102,0,8,106,6,120,194,8,202,322
04/06/2023,CFO,CO,ANM,WE,Federal Contract Tower,0,0,12,1,13,0,3,97,1,101,0,3,109,2,114,354,0,354,468
04/08/2023,CFO,CO,ANM,WE,Federal Contract Tower,0,0,12,0,12,0,0,108,0,108,0,0,120,0,120,182,0,182,302
04/09/2023,CFO,CO,ANM,WE,Federal Contract Tower,0,0,5,0,5,0,8,114,0,122,0,8,119,0,127,243,0,243,370
04/10/2023,CFO,CO,ANM,WE,Federal Contract Tower,0,3,8,0,11,0,12,120,6,138,0,15,128,6,149,333,4,337,486
04/11/2023,CFO,CO,ANM,WE,Federal Contract Tower,0,0,7,0,7,0,6,102,8,116,0,6,109,8,123,299,8,307,430
04/12/2023,CFO,CO,ANM,WE,Federal Contract Tower,0,0,4,0,4,0,4,81,0,85,0,4,85,0,89,164,0,164,253
04/13/2023,CFO,CO,ANM,WE,Federal Contract Tower,0,0,3,0,3,0,8,44,0,52,0,8,47,0,55,66,0,66,121
04/14/2023,CFO,CO,ANM,WE,Federal Contract Tower,0,0,6,0,6,0,0,10,0,10,0,0,16,0,16,6,0,6,22
04/15/2023,CFO,CO,ANM,WE,Federal Contract Tower,0,1,6,0,7,0,8,37,0,45,0,9,43,0,52,180,0,180,232
04/16/2023,CFO,CO,ANM,WE,Federal Contract Tower,0,0,10,0,10,0,8,159,0,167,0,8,169,0,177,300,0,300,477
04/17/2023,CFO,CO,ANM,WE,Federal Contract Tower,0,0,7,0,7,0,22,114,6,142,0,22,121,6,149,226,14,240,389
04/18/2023,CFO,CO,ANM,WE,Federal Contract Tower,0,2,9,4,15,0,2,52,0,54,0,4,61,4,69,80,0,80,149
04/19/2023,CFO,CO,ANM,WE,Federal Contract Tower,0,0,5,0,5,0,4,49,0,53,0,4,54,0,58,56,0,56,114
04/20/2023,CFO,CO,ANM,WE,Federal Contract Tower,0,1,9,0,10,0,17,56,0,73,0,18,65,0,83,90,0,90,173
04/21/2023,CFO,CO,ANM,WE,Federal Contract Tower,0,1,12,0,13,0,32,101,0,133,0,33,113,0,146,242,0,242,388
04/22/2023,CFO,CO,ANM,WE,Federal Contract Tower,0,0,5,0,5,0,0,34,0,34,0,0,39,0,39,200,0,200,239
04/23/2023,CFO,CO,ANM,WE,Federal Contract Tower,0,0,8,0,8,0,8,139,0,147,0,8,147,0,155,360,0,360,515
04/24/2023,CFO,CO,ANM,WE,Federal Contract Tower,0,1,11,0,12,0,10,106,0,116,0,11,117,0,128,336,0,336,464
04/25/2023,CFO,CO,ANM,WE,Federal Contract Tower,0,0,4,0,4,0,12,59,0,71,0,12,63,0,75,130,0,130,205
04/26/2023,CFO,CO,ANM,WE,Federal Contract Tower,0,0,3,0,3,0,54,21,0,75,0,54,24,0,78,158,0,158,236
04/27/2023,CFO,CO,ANM,WE,Federal Contract Tower,0,0,5,0,5,0,6,74,0,80,0,6,79,0,85,152,0,152,237
04/28/2023,CFO,CO,ANM,WE,Federal Contract Tower,0,2,10,0,12,0,6,60,2,68,0,8,70,2,80,172,0,172,252
04/29/2023,CFO,CO,ANM,WE,Federal Contract Tower,0,0,10,0,10,0,0,270,0,270,0,0,280,0,280,114,0,114,394
04/30/2023,CFO,CO,ANM,WE,Federal Contract Tower,0,0,10,0,10,0,0,0,0,0,0,0,10,0,10,350,0,350,360
05/01/2023,CFO,CO,ANM,WE,Federal Contract Tower,0,2,5,0,7,0,8,120,0,128,0,10,125,0,135,356,0,356,491
05/02/2023,CFO,CO,ANM,WE,Federal Contract Tower,0,0,5,0,5,0,6,87,0,93,0,6,92,0,98,180,0,180,278
05/03/2023,CFO,CO,ANM,WE,Federal Contract Tower,0,0,10,1,11,0,34,138,3,175,0,34,148,4,186,356,0,356,542
05/04/2023,CFO,CO,ANM,WE,Federal Contract Tower,0,0,12,0,12,0,2,71,2,75,0,2,83,2,87,150,0,150,237
05/05/2023,CFO,CO,ANM,WE,Federal Contract Tower,0,0,12,0,12,0,21,93,4,118,0,21,105,4,130,200,0,200,330
05/06/2023,CFO,CO,ANM,WE,Federal Contract Tower,0,0,10,0,10,0,8,144,0,152,0,8,154,0,162,302,0,302,464
05/07/2023,CFO,CO,ANM,WE,Federal Contract Tower,0,0,11,0,11,0,2,102,0,104,0,2,113,0,115,322,0,322,437
05/08/2023,CFO,CO,ANM,WE,Federal Contract Tower,0,1,7,0,8,0,4,72,0,76,0,5,79,0,84,134,0,134,218
05/09/2023,CFO,CO,ANM,WE,Federal Contract Tower,0,0,9,0,9,0,16,122,2,140,0,16,131,2,149,282,4,286,435
05/10/2023,CFO,CO,ANM,WE,Federal Contract Tower,0,0,12,0,12,0,0,7,0,7,0,0,19,0,19,14,0,14,33
05/11/2023,CFO,CO,ANM,WE,Federal Contract Tower,0,0,6,0,6,0,0,0,0,0,0,0,6,0,6,0,0,0,6
05/12/2023,CFO,CO,ANM,WE,Federal Contract Tower,0,0,11,0,11,0,0,15,0,15,0,0,26,0,26,16,12,28,54
05/13/2023,CFO,CO,ANM,WE,Federal Contract Tower,0,0,6,0,6,0,4,143,0,147,0,4,149,0,153,298,0,298,451
05/14/2023,CFO,CO,ANM,WE,Federal Contract Tower,0,0,16,0,16,0,0,0,0,0,0,0,16,0,16,120,0,120,136
05/15/2023,CFO,CO,ANM,WE,Federal Contract Tower,0,0,29,0,29,0,10,32,0,42,0,10,61,0,71,102,0,102,173
05/16/2023,CFO,CO,ANM,WE,Federal Contract Tower,0,1,5,0,6,0,8,158,0,166,0,9,163,0,172,332,0,332,504
05/17/2023,CFO,CO,ANM,WE,Federal Contract Tower,0,2,8,0,10,0,12,126,6,144,0,14,134,6,154,330,6,336,490
05/18/2023,CFO,CO,ANM,WE,Federal Contract Tower,0,0,24,2,26,0,0,46,0,46,0,0,70,2,72,160,0,160,232
05/19/2023,CFO,CO,ANM,WE,Federal Contract Tower,0,0,26,0,26,0,0,0,0,0,0,0,26,0,26,0,0,0,26
05/20/2023,CFO,CO,ANM,WE,Federal Contract Tower,0,0,39,0,39,0,0,27,0,27,0,0,66,0,66,22,0,22,88
05/21/2023,CFO,CO,ANM,WE,Federal Contract Tower,0,0,7,0,7,0,8,147,2,157,0,8,154,2,164,282,0,282,446
05/22/2023,CFO,CO,ANM,WE,Federal Contract Tower,0,1,16,0,17,0,8,115,6,129,0,9,131,6,146,280,16,296,442
05/23/2023,CFO,CO,ANM,WE,Federal Contract Tower,0,12,0,0,12,0,8,88,2,98,0,20,88,2,110,354,2,356,466
05/24/2023,CFO,CO,ANM,WE,Federal Contract Tower,0,0,6,0,6,0,2,38,0,40,0,2,44,0,46,90,0,90,136
05/25/2023,CFO,CO,ANM,WE,Federal Contract Tower,0,2,13,2,17,0,12,84,0,96,0,14,97,2,113,302,0,302,415
05/26/2023,CFO,CO,ANM,WE,Federal Contract Tower,0,0,13,0,13,0,14,99,0,113,0,14,112,0,126,236,0,236,362
05/27/2023,CFO,CO,ANM,WE,Federal Contract Tower,0,0,3,0,3,0,0,161,0,161,0,0,164,0,164,37,0,37,201
05/28/2023,CFO,CO,ANM,WE,Federal Contract Tower,0,0,3,0,3,0,3,100,0,103,0,3,103,0,106,226,0,226,332
05/29/2023,CFO,CO,ANM,WE,Federal Contract Tower,0,0,5,0,5,0,11,106,0,117,0,11,111,0,122,204,0,204,326
05/30/2023,CFO,CO,ANM,WE,Federal Contract Tower,0,0,17,0,17,0,8,91,0,99,0,8,108,0,116,148,0,148,264
05/31/2023,CFO,CO,ANM,WE,Federal Contract Tower,0,0,9,0,9,0,18,104,0,122,0,18,113,0,131,226,0,226,357
06/01/2023,CFO,CO,ANM,WE,Federal Contract Tower,0,0,23,0,23,0,10,54,0,64,0,10,77,0,87,156,0,156,243
06/02/2023,CFO,CO,ANM,WE,Federal Contract Tower,0,0,7,2,9,0,10,86,0,96,0,10,93,2,105,250,0,250,355
06/03/2023,CFO,CO,ANM,WE,Federal Contract Tower,0,0,32,0,32,0,0,5,0,5,0,0,37,0,37,0,0,0,37
06/04/2023,CFO,CO,ANM,WE,Federal Contract Tower,0,0,6,0,6,0,0,0,0,0,0,0,6,0,6,0,0,0,6
06/05/2023,CFO,CO,ANM,WE,Federal Contract Tower,0,0,22,0,22,0,4,87,0,91,0,4,109,0,113,280,0,280,393
06/06/2023,CFO,CO,ANM,WE,Federal Contract Tower,0,0,10,0,10,0,22,109,2,133,0,22,119,2,143,286,4,290,433
06/07/2023,CFO,CO,ANM,WE,Federal Contract Tower,0,0,7,0,7,0,12,99,0,111,0,12,106,0,118,322,0,322,440
06/08/2023,CFO,CO,ANM,WE,Federal Contract Tower,0,0,11,0,11,0,8,152,0,160,0,8,163,0,171,292,0,292,463
06/09/2023,CFO,CO,ANM,WE,Federal Contract Tower,0,2,11,0,13,0,10,112,4,126,0,12,123,4,139,250,10,260,399
06/10/2023,CFO,CO,ANM,WE,Federal Contract Tower,1,4,0,0,5,0,1,135,0,136,1,5,135,0,141,159,0,159,300
06/11/2023,CFO,CO,ANM,WE,Federal Contract Tower,0,0,24,0,24,0,0,21,0,21,0,0,45,0,45,204,0,204,249
06/12/2023,CFO,CO,ANM,WE,Federal Contract Tower,0,2,9,0,11,0,6,51,0,57,0,8,60,0,68,64,0,64,132
06/13/2023,CFO,CO,ANM,WE,Federal Contract Tower,0,0,10,0,10,0,0,32,0,32,0,0,42,0,42,232,0,232,274
06/14/2023,CFO,CO,ANM,WE,Federal Contract Tower,0,1,7,0,8,0,19,135,4,158,0,20,142,4,166,346,6,352,518
06/15/2023,CFO,CO,ANM,WE,Federal Contract Tower,0,0,15,0,15,0,2,82,0,84,0,2,97,0,99,246,0,246,345
06/16/2023,CFO,CO,ANM,WE,Federal Contract Tower,0,0,18,0,18,0,0,11,0,11,0,0,29,0,29,0,0,0,29
06/17/2023,CFO,CO,ANM,WE,Federal Contract Tower,0,0,17,0,17,0,0,69,0,69,0,0,86,0,86,262,0,262,348
06/18/2023,CFO,CO,ANM,WE,Federal Contract Tower,0,0,7,0,7,0,0,136,0,136,0,0,143,0,143,242,0,242,385
06/19/2023,CFO,CO,ANM,WE,Federal Contract Tower,0,0,6,0,6,0,6,146,0,152,0,6,152,0,158,294,0,294,452
06/20/2023,CFO,CO,ANM,WE,Federal Contract Tower,0,2,12,0,14,0,4,145,0,149,0,6,157,0,163,312,0,312,475
06/21/2023,CFO,CO,ANM,WE,Federal Contract Tower,0,2,13,0,15,0,4,67,2,73,0,6,80,2,88,96,0,96,184
06/22/2023,CFO,CO,ANM,WE,Federal Contract Tower,0,2,10,0,12,0,6,65,2,73,0,8,75,2,85,42,0,42,127
06/23/2023,CFO,CO,ANM,WE,Federal Contract Tower,0,1,15,0,16,0,14,84,2,100,0,15,99,2,116,282,0,282,398
06/24/2023,CFO,CO,ANM,WE,Federal Contract Tower,0,0,11,0,11,0,6,175,6,187,0,6,186,6,198,206,2,208,406
06/25/2023,CFO,CO,ANM,WE,Federal Contract Tower,0,0,11,0,11,0,6,123,0,129,0,6,134,0,140,226,0,226,366
06/26/2023,CFO,CO,ANM,WE,Federal Contract Tower,0,0,11,0,11,0,6,119,4,129,0,6,130,4,140,285,0,285,425
06/27/2023,CFO,CO,ANM,WE,Federal Contract Tower,0,0,5,0,5,0,2,38,6,46,0,2,43,6,51,127,6,133,184
06/28/2023,CFO,CO,ANM,WE,Federal Contract Tower,0,2,13,0,15,0,8,102,0,110,0,10,115,0,125,440,0,440,565
06/29/2023,CFO,CO,ANM,WE,Federal Contract Tower,0,1,12,0,13,0,23,74,3,100,0,24,86,3,113,212,0,212,325
06/30/2023,CFO,CO,ANM,WE,Federal Contract Tower,0,0,13,0,13,0,10,57,0,67,0,10,70,0,80,200,0,200,280
07/01/2023,CFO,CO,ANM,WE,Federal Contract Tower,0,0,16,0,16,0,12,170,0,182,0,12,186,0,198,302,0,302,500
07/02/2023,CFO,CO,ANM,WE,Federal Contract Tower,0,0,7,0,7,0,2,100,0,102,0,2,107,0,109,292,0,292,401
07/04/2023,CFO,CO,ANM,WE,Federal Contract Tower,0,0,5,0,5,0,2,83,0,85,0,2,88,0,90,82,0,82,172
07/05/2023,CFO,CO,ANM,WE,Federal Contract Tower,0,0,12,0,12,0,0,11,0,11,0,0,23,0,23,18,0,18,41
07/06/2023,CFO,CO,ANM,WE,Federal Contract Tower,0,0,17,0,17,0,6,27,0,33,0,6,44,0,50,132,0,132,182
07/07/2023,CFO,CO,ANM,WE,Federal Contract Tower,0,0,8,1,9,0,4,82,5,91,0,4,90,6,100,168,6,174,274
07/08/2023,CFO,CO,ANM,WE,Federal Contract Tower,0,0,15,0,15,0,2,90,0,92,0,2,105,0,107,162,0,162,269
07/09/2023,CFO,CO,ANM,WE,Federal Contract Tower,0,0,19,0,19,0,4,150,0,154,0,4,169,0,173,248,0,248,421
07/10/2023,CFO,CO,ANM,WE,Federal Contract Tower,0,6,9,2,17,0,2,104,0,106,0,8,113,2,123,310,0,310,433
07/11/2023,CFO,CO,ANM,WE,Federal Contract Tower,0,0,10,2,12,0,12,128,2,142,0,12,138,4,154,300,4,304,458
07/12/2023,CFO,CO,ANM,WE,Federal Contract Tower,0,0,5,0,5,0,8,0,0,8,0,8,5,0,13,442,0,442,455
07/13/2023,CFO,CO,ANM,WE,Federal Contract Tower,0,0,18,0,18,0,10,120,4,134,0,10,138,4,152,364,24,388,540
07/14/2023,CFO,CO,ANM,WE,Federal Contract Tower,0,0,6,0,6,0,6,48,2,56,0,6,54,2,62,106,0,106,168
07/15/2023,CFO,CO,ANM,WE,Federal Contract Tower,0,2,5,0,7,0,8,137,0,145,0,10,142,0,152,370,0,370,522
07/16/2023,CFO,CO,ANM,WE,Federal Contract Tower,0,0,13,0,13,0,0,121,0,121,0,0,134,0,134,282,0,282,416
07/17/2023,CFO,CO,ANM,WE,Federal Contract Tower,0,0,3,0,3,0,12,111,0,123,0,12,114,0,126,286,0,286,412
07/18/2023,CFO,CO,ANM,WE,Federal Contract Tower,0,2,4,0,6,0,2,98,4,104,0,4,102,4,110,218,2,220,330
07/19/2023,CFO,CO,ANM,WE,Federal Contract Tower,0,0,11,0,11,0,0,185,0,185,0,0,196,0,196,70,0,70,266
07/20/2023,CFO,CO,ANM,WE,Federal Contract Tower,0,0,0,0,0,0,0,30,0,30,0,0,30,0,30,40,0,40,70
07/21/2023,CFO,CO,ANM,WE,Federal Contract Tower,0,0,15,0,15,0,0,109,0,109,0,0,124,0,124,392,0,392,516
07/22/2023,CFO,CO,ANM,WE,Federal Contract Tower,0,1,2,0,3,0,0,109,0,109,0,1,111,0,112,350,0,350,462
07/23/2023,CFO,CO,ANM,WE,Federal Contract Tower,0,0,9,0,9,0,0,90,0,90,0,0,99,0,99,184,0,184,283
07/24/2023,CFO,CO,ANM,WE,Federal Contract Tower,0,0,0,0,0,0,8,101,0,109,0,8,101,0,109,288,0,288,397
07/25/2023,CFO,CO,ANM,WE,Federal Contract Tower,0,0,3,0,3,0,6,130,0,136,0,6,133,0,139,341,0,341,480
07/26/2023,CFO,CO,ANM,WE,Federal Contract Tower,0,0,10,0,10,0,14,109,4,127,0,14,119,4,137,377,4,381,518
07/27/2023,CFO,CO,ANM,WE,Federal Contract Tower,0,0,11,0,11,0,2,118,0,120,0,2,129,0,131,284,0,284,415
07/29/2023,CFO,CO,ANM,WE,Federal Contract Tower,0,0,12,0,12,0,14,92,0,106,0,14,104,0,118,168,0,168,286
07/30/2023,CFO,CO,ANM,WE,Federal Contract Tower,0,0,9,0,9,0,4,126,0,130,0,4,135,0,139,264,0,264,403
08/01/2023,CFO,CO,ANM,WE,Federal Contract Tower,0,3,3,0,6,0,8,93,2,103,0,11,96,2,109,288,8,296,405
08/02/2023,CFO,CO,ANM,WE,Federal Contract Tower,0,0,3,0,3,0,10,107,2,119,0,10,110,2,122,406,0,406,528
08/03/2023,CFO,CO,ANM,WE,Federal Contract Tower,0,0,11,4,15,0,4,94,8,106,0,4,105,12,121,210,18,228,349
08/04/2023,CFO,CO,ANM,WE,Federal Contract Tower,0,0,12,0,12,0,6,110,5,121,0,6,122,5,133,382,6,388,521
08/05/2023,CFO,CO,ANM,WE,Federal Contract Tower,0,0,11,0,11,0,10,115,0,125,0,10,126,0,136,336,0,336,472
08/06/2023,CFO,CO,ANM,WE,Federal Contract Tower,0,0,14,0,14,0,2,101,0,103,0,2,115,0,117,228,0,228,345
08/07/2023,CFO,CO,ANM,WE,Federal Contract Tower,0,2,8,0,10,0,8,81,2,91,0,10,89,2,101,256,0,256,357
08/08/2023,CFO,CO,ANM,WE,Federal Contract Tower,0,1,9,2,12,0,8,113,2,123,0,9,122,4,135,275,6,281,416
08/09/2023,CFO,CO,ANM,WE,Federal Contract Tower,0,0,10,0,10,0,10,139,2,151,0,10,149,2,161,352,4,356,517
08/10/2023,CFO,CO,ANM,WE,Federal Contract Tower,0,0,5,0,5,0,8,95,4,107,0,8,100,4,112,277,2,279,391
08/11/2023,CFO,CO,ANM,WE,Federal Contract Tower,0,0,8,0,8,0,12,117,2,131,0,12,125,2,139,308,4,312,451
08/12/2023,CFO,CO,ANM,WE,Federal Contract Tower,0,2,2,0,4,0,6,103,0,109,0,8,105,0,113,266,0,266,379
08/13/2023,CFO,CO,ANM,WE,Federal Contract Tower,0,0,10,0,10,0,8,44,0,52,0,8,54,0,62,66,0,66,128
08/14/2023,CFO,CO,ANM,WE,Federal Contract Tower,0,2,12,0,14,0,8,150,4,162,0,10,162,4,176,252,2,254,430
08/15/2023,CFO,CO,ANM,WE,Federal Contract Tower,0,0,9,0,9,0,5,134,2,141,0,5,143,2,150,380,0,380,530
08/16/2023,CFO,CO,ANM,WE,Federal Contract Tower,0,0,11,0,11,0,2,105,0,107,0,2,116,0,118,194,0,194,312
08/17/2023,CFO,CO,ANM,WE,Federal Contract Tower,0,2,2,0,4,0,3,113,2,118,0,5,115,2,122,326,14,340,462
08/18/2023,CFO,CO,ANM,WE,Federal Contract Tower,0,3,9,0,12,0,4,79,0,83,0,7,88,0,95,348,0,348,443
08/19/2023,CFO,CO,ANM,WE,Federal Contract Tower,0,0,2,0,2,0,4,87,0,91,0,4,89,0,93,174,0,174,267
08/20/2023,CFO,CO,ANM,WE,Federal Contract Tower,0,1,7,0,8,0,0,94,0,94,0,1,101,0,102,204,0,204,306
08/21/2023,CFO,CO,ANM,WE,Federal Contract Tower,0,1,5,0,6,0,4,73,4,81,0,5,78,4,87,104,6,110,197
08/22/2023,CFO,CO,ANM,WE,Federal Contract Tower,0,5,7,0,12,0,6,84,0,90,0,11,91,0,102,144,0,144,246
08/23/2023,CFO,CO,ANM,WE,Federal Contract Tower,0,3,9,0,12,0,6,98,0,104,0,9,107,0,116,254,0,254,370
08/24/2023,CFO,CO,ANM,WE,Federal Contract Tower,0,0,12,0,12,0,4,109,0,113,0,4,121,0,125,213,0,213,338
08/25/2023,CFO,CO,ANM,WE,Federal Contract Tower,0,0,28,0,28,0,2,30,2,34,0,2,58,2,62,64,0,64,126
08/26/2023,CFO,CO,ANM,WE,Federal Contract Tower,0,0,14,0,14,0,2,141,0,143,0,2,155,0,157,112,0,112,269
08/27/2023,CFO,CO,ANM,WE,Federal Contract Tower,0,0,8,0,8,0,6,122,0,128,0,6,130,0,136,208,0,208,344
08/28/2023,CFO,CO,ANM,WE,Federal Contract Tower,0,4,11,0,15,0,0,83,2,85,0,4,94,2,100,190,0,190,290
08/29/2023,CFO,CO,ANM,WE,Federal Contract Tower,0,0,6,1,7,0,12,156,3,171,0,12,162,4,178,412,0,412,590
08/30/2023,CFO,CO,ANM,WE,Federal Contract Tower,0,0,12,2,14,0,6,123,0,129,0,6,135,2,143,322,0,322,465
08/31/2023,CFO,CO,ANM,WE,Federal Contract Tower,0,0,15,0,15,0,4,121,0,125,0,4,136,0,140,284,0,284,424
